-- phpMyAdmin SQL Dump
-- version 4.9.0.1
-- https://www.phpmyadmin.net/
--
-- Host: localhost:3306
-- Generation Time: Mar 03, 2020 at 05:00 PM
-- Server version: 10.2.30-MariaDB
-- PHP Version: 7.3.6

SET SQL_MODE = "NO_AUTO_VALUE_ON_ZERO";
SET AUTOCOMMIT = 0;
START TRANSACTION;
SET time_zone = "+00:00";


/*!40101 SET @OLD_CHARACTER_SET_CLIENT=@@CHARACTER_SET_CLIENT */;
/*!40101 SET @OLD_CHARACTER_SET_RESULTS=@@CHARACTER_SET_RESULTS */;
/*!40101 SET @OLD_COLLATION_CONNECTION=@@COLLATION_CONNECTION */;
/*!40101 SET NAMES utf8mb4 */;

--
-- Database: `u5554398_so_asm`
--

-- --------------------------------------------------------

--
-- Table structure for table `category`
--

CREATE TABLE `category` (
  `id` int(11) NOT NULL,
  `name` varchar(255) NOT NULL,
  `description` text NOT NULL,
  `created_at` timestamp NOT NULL DEFAULT current_timestamp()
) ENGINE=InnoDB DEFAULT CHARSET=latin1;

--
-- Dumping data for table `category`
--

INSERT INTO `category` (`id`, `name`, `description`, `created_at`) VALUES
(6, 'Otomotif', 'Berbagai jenis otomotif', '2016-12-24 05:40:36');

-- --------------------------------------------------------

--
-- Table structure for table `ci_sessions`
--

CREATE TABLE `ci_sessions` (
  `id` varchar(128) NOT NULL,
  `ip_address` varchar(45) NOT NULL,
  `timestamp` int(10) UNSIGNED NOT NULL DEFAULT 0,
  `data` blob NOT NULL
) ENGINE=InnoDB DEFAULT CHARSET=latin1;

--
-- Dumping data for table `ci_sessions`
--

INSERT INTO `ci_sessions` (`id`, `ip_address`, `timestamp`, `data`) VALUES
('8b9fc0fc451378f41c255fbe5d19bc6df91ee800', '52.25.189.91', 1582329898, 0x5f5f63695f6c6173745f726567656e65726174657c693a313538323332393839383b),
('3478d1be282e49de0a37c83c36e115e921e29570', '52.25.189.91', 1582330589, 0x5f5f63695f6c6173745f726567656e65726174657c693a313538323333303538393b),
('41fc08c6afc40bb08ab7c77b1f5148f513ab5ba8', '52.25.189.91', 1582331309, 0x5f5f63695f6c6173745f726567656e65726174657c693a313538323333313330393b),
('68d48019c2f7385a95c178296e0ff3c148eaacfe', '52.25.189.91', 1582332049, 0x5f5f63695f6c6173745f726567656e65726174657c693a313538323333323034393b),
('49b6edb3b341dd13289d263b36969b8fc2f3de03', '52.25.189.91', 1582332758, 0x5f5f63695f6c6173745f726567656e65726174657c693a313538323333323735383b),
('7e497fd4719b6061e57ac52c8fb9e1a616395d5d', '52.25.189.91', 1582333479, 0x5f5f63695f6c6173745f726567656e65726174657c693a313538323333333437393b),
('d662af72eb97f078e54710aee910e092009d8806', '52.25.189.91', 1582334198, 0x5f5f63695f6c6173745f726567656e65726174657c693a313538323333343139383b),
('caef9fdd3ad11535e98e1f14a71ee50de5b96bfb', '52.25.189.91', 1582334923, 0x5f5f63695f6c6173745f726567656e65726174657c693a313538323333343932333b),
('16ef0c3ada1b1dc3904677dc0f8251ae1d726ef1', '52.25.189.91', 1582335640, 0x5f5f63695f6c6173745f726567656e65726174657c693a313538323333353634303b),
('2a782165fa57716a23ce5b356f4459d87a4890b7', '52.25.189.91', 1582336373, 0x5f5f63695f6c6173745f726567656e65726174657c693a313538323333363337333b),
('fa20cec626b693fde65b16497b04ba8beb785249', '52.25.189.91', 1582337080, 0x5f5f63695f6c6173745f726567656e65726174657c693a313538323333373038303b),
('aa44db7e5bfd4c1f754bed3e8cfdc1ba05a58167', '52.25.189.91', 1582337807, 0x5f5f63695f6c6173745f726567656e65726174657c693a313538323333373830373b),
('e1a3ede73aa12e74638ccc4cf7cd98f99d027ba6', '52.25.189.91', 1582338518, 0x5f5f63695f6c6173745f726567656e65726174657c693a313538323333383531383b),
('c67e2cabdf7efe0e7bfd7121bdc6f68999e33b40', '52.25.189.91', 1582339251, 0x5f5f63695f6c6173745f726567656e65726174657c693a313538323333393235313b),
('9e577651461031d9e79334d926cb32a53618c7be', '52.25.189.91', 1582339967, 0x5f5f63695f6c6173745f726567656e65726174657c693a313538323333393936373b),
('0265fcd1908569b455c93dfd0578c382dc0c9a4a', '52.25.189.91', 1582340694, 0x5f5f63695f6c6173745f726567656e65726174657c693a313538323334303639343b),
('d02029214a7296e6a12bd33151c1bc936eace005', '138.246.253.5', 1582341015, 0x5f5f63695f6c6173745f726567656e65726174657c693a313538323334313031353b),
('7f63b393a9d952b33efc32615577fba8b0ae6b93', '52.25.189.91', 1582341403, 0x5f5f63695f6c6173745f726567656e65726174657c693a313538323334313430333b),
('fb9f718095d601ceb3af26c87ef213ae9ab40933', '52.25.189.91', 1582342114, 0x5f5f63695f6c6173745f726567656e65726174657c693a313538323334323131343b),
('c7ff34e2ff42c9986c21f0fdabf218c6c3522547', '52.25.189.91', 1582342841, 0x5f5f63695f6c6173745f726567656e65726174657c693a313538323334323834313b),
('1dafb48f44320b8d7d2e5f302fcf5b56dc30ec7a', '52.25.189.91', 1582343577, 0x5f5f63695f6c6173745f726567656e65726174657c693a313538323334333537373b),
('236cc486e8090459573af483e606edd300334f6f', '173.212.242.224', 1582343926, 0x5f5f63695f6c6173745f726567656e65726174657c693a313538323334333932363b),
('9c24d040a56f88f9256abe1963ee73a46cfa11b1', '52.25.189.91', 1582344292, 0x5f5f63695f6c6173745f726567656e65726174657c693a313538323334343239323b),
('ab574194547ad2954ba53077b1904def5726075b', '52.25.189.91', 1582345000, 0x5f5f63695f6c6173745f726567656e65726174657c693a313538323334353030303b),
('5c1b3b02bac43a37f93f4257ef5f4eb16130c045', '52.25.189.91', 1582345716, 0x5f5f63695f6c6173745f726567656e65726174657c693a313538323334353731363b),
('ffdc989e04549d5abc133e8a941256e56c9a59b7', '52.25.189.91', 1582346453, 0x5f5f63695f6c6173745f726567656e65726174657c693a313538323334363435333b),
('c517a07220d16b9c14738715c0a9f8eec29f755a', '52.25.189.91', 1582347159, 0x5f5f63695f6c6173745f726567656e65726174657c693a313538323334373135393b),
('5330adab818238ea3ebaa2ddd312e469662ef3df', '52.25.189.91', 1582347879, 0x5f5f63695f6c6173745f726567656e65726174657c693a313538323334373837393b),
('f46b91ff87f23d7964a999f5919a81078ae5126d', '52.25.189.91', 1582348599, 0x5f5f63695f6c6173745f726567656e65726174657c693a313538323334383539393b),
('cb4a73f823575750261f369cc4ea80ac6504a530', '52.25.189.91', 1582349318, 0x5f5f63695f6c6173745f726567656e65726174657c693a313538323334393331383b),
('c696060b86579b898c1de2248d174effc8b95cd2', '52.25.189.91', 1582350042, 0x5f5f63695f6c6173745f726567656e65726174657c693a313538323335303034323b),
('e3aa13b8a10b6edd1d5abd7c63f4a44a9d92eb7f', '52.25.189.91', 1582350761, 0x5f5f63695f6c6173745f726567656e65726174657c693a313538323335303736313b),
('c72d9d1fc746f574e33361527522a7f613e53031', '52.25.189.91', 1582351484, 0x5f5f63695f6c6173745f726567656e65726174657c693a313538323335313438343b),
('102be4de0f6ae6a7dff48824c554a3f3539100b0', '52.25.189.91', 1582352200, 0x5f5f63695f6c6173745f726567656e65726174657c693a313538323335323230303b),
('fdd4c6c5a8a2d1244859cad136398db6c89e77fb', '52.25.189.91', 1582352945, 0x5f5f63695f6c6173745f726567656e65726174657c693a313538323335323934353b),
('ae8ca6055e64f5d594aefd219a4df891c0a55282', '52.25.189.91', 1582353641, 0x5f5f63695f6c6173745f726567656e65726174657c693a313538323335333634313b),
('7995a8c2587ee443aa8ebea6fc42465ff5e09a8f', '52.25.189.91', 1582354384, 0x5f5f63695f6c6173745f726567656e65726174657c693a313538323335343338343b),
('23d7ac9bac4b21c2feb5b80ec50a1e3fdf501e36', '52.25.189.91', 1582355104, 0x5f5f63695f6c6173745f726567656e65726174657c693a313538323335353130343b),
('0b5e39f23839acf57e1f7f8f6c59974096ee8f3f', '52.25.189.91', 1582355811, 0x5f5f63695f6c6173745f726567656e65726174657c693a313538323335353831313b),
('26f6136429a640bb341342d1527240fde6dac9e4', '52.25.189.91', 1582356529, 0x5f5f63695f6c6173745f726567656e65726174657c693a313538323335363532393b),
('205ef62089feaa79929250db04582d8fb25bccb1', '52.25.189.91', 1582357237, 0x5f5f63695f6c6173745f726567656e65726174657c693a313538323335373233373b),
('a32c3817c1686c85954b1d0a80db6f37cfff4fc6', '52.25.189.91', 1582357964, 0x5f5f63695f6c6173745f726567656e65726174657c693a313538323335373936343b),
('08f141650eecdc09baa0d983872490ae4eae5b28', '52.25.189.91', 1582358669, 0x5f5f63695f6c6173745f726567656e65726174657c693a313538323335383636393b),
('a6b213ae135ab66710467d9f3574056b27b3ae51', '52.25.189.91', 1582359400, 0x5f5f63695f6c6173745f726567656e65726174657c693a313538323335393430303b),
('5050a13ac274ba7a7685027710ffb72f8c211b8f', '52.25.189.91', 1582360132, 0x5f5f63695f6c6173745f726567656e65726174657c693a313538323336303133323b),
('ac981a51a5c91e5d6ccda10b5d02ef4c7529af36', '52.25.189.91', 1582360848, 0x5f5f63695f6c6173745f726567656e65726174657c693a313538323336303834383b),
('c2360ab6f0e14e9580f6aa126f310fdd3443f6f4', '52.25.189.91', 1582361527, 0x5f5f63695f6c6173745f726567656e65726174657c693a313538323336313532373b),
('c93b514159bcc43493c2208faa96dc49ca2ca0ee', '52.25.189.91', 1582362266, 0x5f5f63695f6c6173745f726567656e65726174657c693a313538323336323236363b),
('2d9abfb32a7aba5c60d9682e1722826a75fecffb', '52.25.189.91', 1582362973, 0x5f5f63695f6c6173745f726567656e65726174657c693a313538323336323937333b),
('c4e0c8375301610ebec32b585ab5d037a75cf5fd', '52.25.189.91', 1582363722, 0x5f5f63695f6c6173745f726567656e65726174657c693a313538323336333732323b),
('f316b08d735684dc24f89eaffac965165fb20ed8', '157.55.39.40', 1582363864, 0x5f5f63695f6c6173745f726567656e65726174657c693a313538323336333836343b),
('a79efe9dabd8d2d41aa69e07cce3dabf4b6de137', '52.25.189.91', 1582364407, 0x5f5f63695f6c6173745f726567656e65726174657c693a313538323336343430373b),
('0b71c1a107f637a70d313b45ef7b9aa445386c3a', '52.25.189.91', 1582365177, 0x5f5f63695f6c6173745f726567656e65726174657c693a313538323336353137373b),
('87defb658a193d50526e1a3ded533e5e08c8f769', '52.25.189.91', 1582365853, 0x5f5f63695f6c6173745f726567656e65726174657c693a313538323336353835333b),
('beac42abca1299c0627924859085de901ca0d567', '52.25.189.91', 1582366627, 0x5f5f63695f6c6173745f726567656e65726174657c693a313538323336363632373b),
('af66f7dfae6ec74e55ac6c37de2d7eb99f9bd1f3', '52.25.189.91', 1582367338, 0x5f5f63695f6c6173745f726567656e65726174657c693a313538323336373333383b),
('ae5dfeb8762671f126678ab523a471c8843927be', '52.25.189.91', 1582368017, 0x5f5f63695f6c6173745f726567656e65726174657c693a313538323336383031373b),
('9d1b63318f0d5c768b45ababc7ced9b1a91d8e02', '52.25.189.91', 1582368783, 0x5f5f63695f6c6173745f726567656e65726174657c693a313538323336383738333b),
('5574f2ba1303639f3da1426e32bb216245ee9bed', '52.25.189.91', 1582369481, 0x5f5f63695f6c6173745f726567656e65726174657c693a313538323336393438313b),
('36a8e595787240ffaeb75d55302450d662a39dd8', '52.25.189.91', 1582370222, 0x5f5f63695f6c6173745f726567656e65726174657c693a313538323337303232323b),
('6fe62173e4201fbba6e4c703656c0bfd1bec5cb3', '52.25.189.91', 1582370928, 0x5f5f63695f6c6173745f726567656e65726174657c693a313538323337303932383b),
('e0931c0487565743a0e0c98cd39e822cb3b43f8d', '52.25.189.91', 1582371683, 0x5f5f63695f6c6173745f726567656e65726174657c693a313538323337313638333b),
('6d7016296cda09c0ae274785e5b6b539f7d77cf9', '52.25.189.91', 1582372337, 0x5f5f63695f6c6173745f726567656e65726174657c693a313538323337323333373b),
('8b95955981fd690fde2a02f49d19387ed6ce93ab', '52.25.189.91', 1582373120, 0x5f5f63695f6c6173745f726567656e65726174657c693a313538323337333132303b),
('eabc7e0dbce8b82428ca882f424376ed8f5a4ac5', '52.25.189.91', 1582373815, 0x5f5f63695f6c6173745f726567656e65726174657c693a313538323337333831353b),
('7c296ffed9fffbebb843af1a78cea5007289ad32', '52.25.189.91', 1582374537, 0x5f5f63695f6c6173745f726567656e65726174657c693a313538323337343533373b),
('b1968e05980982422ef3db5642f75fe548648d03', '52.25.189.91', 1582375286, 0x5f5f63695f6c6173745f726567656e65726174657c693a313538323337353238363b),
('9d9fde350cf21178f398790fc5d6afb2849a7c8b', '52.25.189.91', 1582375968, 0x5f5f63695f6c6173745f726567656e65726174657c693a313538323337353936383b),
('d8772a6ce37530f9e41c78fc0375364f6b800028', '52.25.189.91', 1582376713, 0x5f5f63695f6c6173745f726567656e65726174657c693a313538323337363731333b),
('0c195905433f83fb5c6c2ca82efee968cb69c8a7', '52.25.189.91', 1582377405, 0x5f5f63695f6c6173745f726567656e65726174657c693a313538323337373430353b),
('57952c8930dd20005a4d43e1e6472ce0e53d6fb1', '52.25.189.91', 1582378130, 0x5f5f63695f6c6173745f726567656e65726174657c693a313538323337383133303b),
('2f29d578a65af9bf9f407c98a93d007132cdd12c', '52.25.189.91', 1582378856, 0x5f5f63695f6c6173745f726567656e65726174657c693a313538323337383835363b),
('d269500d53530817433e07f191ae4b7a540b46e4', '52.25.189.91', 1582379564, 0x5f5f63695f6c6173745f726567656e65726174657c693a313538323337393536343b),
('8d365526c5ec50ab9c2b1c6bd9814184963c5cac', '52.25.189.91', 1582380291, 0x5f5f63695f6c6173745f726567656e65726174657c693a313538323338303239313b),
('2ce45228ecf1bc9d5c2a2671a1c97ddd77209004', '52.25.189.91', 1582381000, 0x5f5f63695f6c6173745f726567656e65726174657c693a313538323338313030303b),
('f1533f6c2470970f2127d351c15ea77c69f0cf35', '52.25.189.91', 1582381718, 0x5f5f63695f6c6173745f726567656e65726174657c693a313538323338313731383b),
('dc69db662babb913eab3230651eb13e07d14e983', '52.25.189.91', 1582382442, 0x5f5f63695f6c6173745f726567656e65726174657c693a313538323338323434323b),
('49fe50ee7b413e57bf48a9ff4704ccb470241096', '52.25.189.91', 1582383172, 0x5f5f63695f6c6173745f726567656e65726174657c693a313538323338333137323b),
('6ef227ac8229cd0ff920f31ab40318d22253bbf4', '52.25.189.91', 1582383889, 0x5f5f63695f6c6173745f726567656e65726174657c693a313538323338333838393b),
('21b6c8f1596645c1dc9f10818f3921d10459343f', '52.25.189.91', 1582384643, 0x5f5f63695f6c6173745f726567656e65726174657c693a313538323338343634333b),
('7d8f403ec37cbd8af83a4540eede763629f3464f', '52.25.189.91', 1582385348, 0x5f5f63695f6c6173745f726567656e65726174657c693a313538323338353334383b),
('09f51c7ca0cd827f1686ad34a599264e58f94e22', '52.25.189.91', 1582386067, 0x5f5f63695f6c6173745f726567656e65726174657c693a313538323338363036373b),
('3b5ce17be97f00e4eccbf863cdf92e1be1df669b', '52.25.189.91', 1582386759, 0x5f5f63695f6c6173745f726567656e65726174657c693a313538323338363735393b),
('2752067c4d1f61f5ec258b6aa140ea30136d6095', '52.25.189.91', 1582387482, 0x5f5f63695f6c6173745f726567656e65726174657c693a313538323338373438323b),
('49b031331a31a34075433224bc0ff1b2346d11d6', '52.25.189.91', 1582388231, 0x5f5f63695f6c6173745f726567656e65726174657c693a313538323338383233313b),
('36627592ea343a94fdaa30c8c4dc9966ca3b2e5d', '52.25.189.91', 1582388954, 0x5f5f63695f6c6173745f726567656e65726174657c693a313538323338383935343b),
('ac762e6ca7f9081f9e6c45230a053d75bf58a7b0', '52.25.189.91', 1582389679, 0x5f5f63695f6c6173745f726567656e65726174657c693a313538323338393637393b),
('33b5ad8c439d578f32fbd03a2aa47b0cf7b888a1', '52.25.189.91', 1582390392, 0x5f5f63695f6c6173745f726567656e65726174657c693a313538323339303339323b),
('31d363ddce822f10b64b7a6489dc7ad57443650f', '157.55.39.40', 1582390620, 0x5f5f63695f6c6173745f726567656e65726174657c693a313538323339303632303b),
('6c4c966782af4c7ec706c742e121a4da07aa228f', '35.203.155.199', 1582390688, 0x5f5f63695f6c6173745f726567656e65726174657c693a313538323339303638383b),
('bde78dbd4859f7ba7bdfe494fcb7d4a2f01781b7', '35.203.155.199', 1582390688, 0x5f5f63695f6c6173745f726567656e65726174657c693a313538323339303638383b),
('fb51106a9ec852be191f0f9a3820d373ac982f8d', '52.25.189.91', 1582391050, 0x5f5f63695f6c6173745f726567656e65726174657c693a313538323339313035303b),
('f54229da40a53a1b5b87585c07fb61cb59b54eee', '52.25.189.91', 1582391811, 0x5f5f63695f6c6173745f726567656e65726174657c693a313538323339313831313b),
('4510c92385fd4053df273fb240b55516cc1fbfe2', '52.25.189.91', 1582392517, 0x5f5f63695f6c6173745f726567656e65726174657c693a313538323339323531373b),
('5cba5010ecc0fe08319f96a1237fedf08800a025', '52.25.189.91', 1582393261, 0x5f5f63695f6c6173745f726567656e65726174657c693a313538323339333236313b),
('4b6e064efe245b1ed33e060b7c0bfef92b490b3a', '52.25.189.91', 1582393936, 0x5f5f63695f6c6173745f726567656e65726174657c693a313538323339333933363b),
('c8031b08b550cdb86a2b9544d52b44e4a5644e72', '52.25.189.91', 1582394657, 0x5f5f63695f6c6173745f726567656e65726174657c693a313538323339343635373b),
('5be813ab0aee52cef185cbc5bf0d9e23b00a997d', '52.25.189.91', 1582395414, 0x5f5f63695f6c6173745f726567656e65726174657c693a313538323339353431343b),
('fddd78acf0f89885d2895852b509aec820d39d54', '52.25.189.91', 1582396117, 0x5f5f63695f6c6173745f726567656e65726174657c693a313538323339363131373b),
('dd65c419f5284fbe25b59627c69d714878d472f1', '52.25.189.91', 1582396824, 0x5f5f63695f6c6173745f726567656e65726174657c693a313538323339363832343b),
('6c16999b44a8618d1077b23a57097c1675ecbb5c', '52.25.189.91', 1582397575, 0x5f5f63695f6c6173745f726567656e65726174657c693a313538323339373537353b),
('a4935e614d92b25e0c2dd2d2b0dd08bf9db7b173', '52.25.189.91', 1582398242, 0x5f5f63695f6c6173745f726567656e65726174657c693a313538323339383234323b),
('35c6fecaca0091e66ffa492fb0afaf6221ceb37e', '52.25.189.91', 1582398990, 0x5f5f63695f6c6173745f726567656e65726174657c693a313538323339383939303b),
('efe75ca85c088b061f5a6c0ad7a83818511b5ef7', '52.25.189.91', 1582399733, 0x5f5f63695f6c6173745f726567656e65726174657c693a313538323339393733333b),
('0c1f60747d2fa363379406ff3fbe27f2fc09edc6', '52.25.189.91', 1582400442, 0x5f5f63695f6c6173745f726567656e65726174657c693a313538323430303434323b),
('3b58345d76fa370e8a88b6c0c319b60e842ad7b8', '52.25.189.91', 1582401157, 0x5f5f63695f6c6173745f726567656e65726174657c693a313538323430313135373b),
('c0777ea645776e3bfddfada6015407b2e7b8eb53', '52.25.189.91', 1582401856, 0x5f5f63695f6c6173745f726567656e65726174657c693a313538323430313835363b),
('c62c8f1739d4ba43bea464daff2b95e6b72abc8d', '52.25.189.91', 1582402565, 0x5f5f63695f6c6173745f726567656e65726174657c693a313538323430323536353b),
('3ffd6d5294a0d174ce5ac0b1033e2d392fe3237b', '52.25.189.91', 1582403339, 0x5f5f63695f6c6173745f726567656e65726174657c693a313538323430333333393b),
('d838b68a19bc5ae551ae8a14ff65908e66aa055a', '52.25.189.91', 1582404044, 0x5f5f63695f6c6173745f726567656e65726174657c693a313538323430343034343b),
('5dcbdc8042ca747c3eb28a9c00a63df2c968eb2e', '52.25.189.91', 1582404764, 0x5f5f63695f6c6173745f726567656e65726174657c693a313538323430343736343b),
('eb834e3967cbcb1485edec91aeb6ee402d31347c', '52.25.189.91', 1582405446, 0x5f5f63695f6c6173745f726567656e65726174657c693a313538323430353434363b),
('e9035a55090cb9c939feada5ec84ae546d4c101e', '52.25.189.91', 1582406188, 0x5f5f63695f6c6173745f726567656e65726174657c693a313538323430363138383b),
('703144c0be5154324bf8efcdceb0cef2ea8d464a', '151.80.39.241', 1582406221, 0x5f5f63695f6c6173745f726567656e65726174657c693a313538323430363232313b),
('a1c25464df99a06291e2b5b521c4d82792371567', '52.25.189.91', 1582406939, 0x5f5f63695f6c6173745f726567656e65726174657c693a313538323430363933393b),
('a0b12fcb6a55317a1738f1acc4ca386d59220a54', '52.25.189.91', 1582407664, 0x5f5f63695f6c6173745f726567656e65726174657c693a313538323430373636343b),
('db9a249cfef841e609fb863e78be4768321c77e0', '52.25.189.91', 1582408339, 0x5f5f63695f6c6173745f726567656e65726174657c693a313538323430383333393b),
('aa6bf36577b29d62eaac984f76817f0601ed6f01', '52.25.189.91', 1582409088, 0x5f5f63695f6c6173745f726567656e65726174657c693a313538323430393038383b),
('07a6503ee9132b36c384c19a8b39df8dbc3c9d2e', '52.25.189.91', 1582409828, 0x5f5f63695f6c6173745f726567656e65726174657c693a313538323430393832383b),
('48286bcd18df6f36d47b0f6c5ee628e4f66dc579', '213.159.213.137', 1582409986, 0x5f5f63695f6c6173745f726567656e65726174657c693a313538323430393938363b),
('c0c307efae94be529aba777e19e8fe6563b9f0bf', '52.25.189.91', 1582410540, 0x5f5f63695f6c6173745f726567656e65726174657c693a313538323431303534303b),
('e515d9abc4042527f0280003a4e14b0684d91d86', '52.25.189.91', 1582411249, 0x5f5f63695f6c6173745f726567656e65726174657c693a313538323431313234393b),
('dcfe0cd528677403683036dc298ecdbb48c535a3', '52.25.189.91', 1582411967, 0x5f5f63695f6c6173745f726567656e65726174657c693a313538323431313936373b),
('623402cdd6e2642d3b85fad38ea29f472dda126b', '52.25.189.91', 1582412689, 0x5f5f63695f6c6173745f726567656e65726174657c693a313538323431323638393b),
('3623852ece2756ce795bd7bb1b3e4d94fbc19203', '52.25.189.91', 1582413366, 0x5f5f63695f6c6173745f726567656e65726174657c693a313538323431333336363b),
('6a7b7a586fbc35f5bad2140350be4e26be13ed8b', '151.80.39.241', 1582413560, 0x5f5f63695f6c6173745f726567656e65726174657c693a313538323431333536303b),
('5c2affb2c949ec86500446e5b03e6b0a34a467b7', '52.25.189.91', 1582414138, 0x5f5f63695f6c6173745f726567656e65726174657c693a313538323431343133383b),
('08c7b8cf65babbf6ebfc060ef9e0b7938e3dca20', '52.25.189.91', 1582414854, 0x5f5f63695f6c6173745f726567656e65726174657c693a313538323431343835343b),
('600f97de32b23ee0a339aad4ff869968d6d1635b', '52.25.189.91', 1582415578, 0x5f5f63695f6c6173745f726567656e65726174657c693a313538323431353537383b),
('4c0d9dd376418a78c3f06ae2cc1c9e5a960f4f08', '52.25.189.91', 1582416293, 0x5f5f63695f6c6173745f726567656e65726174657c693a313538323431363239333b),
('5673ad9cd2d73cd8a5dbda0f01cf272e8ab6ff54', '52.25.189.91', 1582417007, 0x5f5f63695f6c6173745f726567656e65726174657c693a313538323431373030373b),
('dba8687f6b4721c287c8f65925ca06600411ec25', '52.25.189.91', 1582417732, 0x5f5f63695f6c6173745f726567656e65726174657c693a313538323431373733323b),
('b1ba66de05cd21f59787e5eee095b231ad98fa4a', '52.25.189.91', 1582418405, 0x5f5f63695f6c6173745f726567656e65726174657c693a313538323431383430353b),
('53f864fb8d0cabcd5fdd813b2efbb4efd2b6d707', '52.25.189.91', 1582419123, 0x5f5f63695f6c6173745f726567656e65726174657c693a313538323431393132333b),
('58a79cbb23473270aec8f033932285fc2f929ae1', '52.25.189.91', 1582419849, 0x5f5f63695f6c6173745f726567656e65726174657c693a313538323431393834393b),
('257f790d01aa45c99af6b82b8cf7704c7152d0aa', '52.25.189.91', 1582420566, 0x5f5f63695f6c6173745f726567656e65726174657c693a313538323432303536363b),
('cbf39927e354f93e33c4a243ba298aa0a89688c1', '52.25.189.91', 1582421304, 0x5f5f63695f6c6173745f726567656e65726174657c693a313538323432313330343b),
('a5ba4323257778a12c8044c23bd55e043f8a6657', '52.25.189.91', 1582422023, 0x5f5f63695f6c6173745f726567656e65726174657c693a313538323432323032333b),
('80b85c8282800dff569c9780ea83d6e01bc29eed', '52.25.189.91', 1582422733, 0x5f5f63695f6c6173745f726567656e65726174657c693a313538323432323733333b),
('c9ed2e6abe56462dc6af64f8da0e5a85b5bc7131', '52.25.189.91', 1582423479, 0x5f5f63695f6c6173745f726567656e65726174657c693a313538323432333437393b),
('f4162a6ce927b171b2973dae3a864925900efd3c', '52.25.189.91', 1582424174, 0x5f5f63695f6c6173745f726567656e65726174657c693a313538323432343137343b),
('49cd6dace40218ba37c64b72c2aa59e5d4f12aca', '52.25.189.91', 1582424928, 0x5f5f63695f6c6173745f726567656e65726174657c693a313538323432343932383b),
('97d0a36a36d9742520a735b6a93899218ec3da5b', '52.25.189.91', 1582425617, 0x5f5f63695f6c6173745f726567656e65726174657c693a313538323432353631373b),
('c44f019b5c67749a3878cc1b88e47f8aa82d66e2', '151.80.39.241', 1582426780, 0x5f5f63695f6c6173745f726567656e65726174657c693a313538323432363738303b),
('f1641a42107027b3f389df0854451f8437034879', '5.196.87.147', 1582441172, 0x5f5f63695f6c6173745f726567656e65726174657c693a313538323434313137323b),
('ce12a345fd5a4319c0cfa118623f00106e23361a', '151.80.39.241', 1582458595, 0x5f5f63695f6c6173745f726567656e65726174657c693a313538323435383539353b),
('194facea07e74b0576527dac793b18ff0e84d17d', '207.46.13.107', 1582462949, 0x5f5f63695f6c6173745f726567656e65726174657c693a313538323436323934393b),
('b0e9e5bd2787288e35e6cdde08f45c3dc0357664', '54.175.223.209', 1582474355, 0x5f5f63695f6c6173745f726567656e65726174657c693a313538323437343335353b),
('39ab3b4e09094083af0f13c1e8f06ce94e3f1f8f', '151.80.39.241', 1582474390, 0x5f5f63695f6c6173745f726567656e65726174657c693a313538323437343339303b),
('c66513697986d377f0a73fe1348eeefcefa4dc16', '66.249.75.26', 1582489137, 0x5f5f63695f6c6173745f726567656e65726174657c693a313538323438393133373b),
('00de262114f15af6f32aca9e7a3d4897cecb4d18', '66.249.75.224', 1582489139, 0x5f5f63695f6c6173745f726567656e65726174657c693a313538323438393133393b),
('d5208b6ce16bf5e5bd77d67195f3539dc3897b56', '5.196.87.147', 1582489847, 0x5f5f63695f6c6173745f726567656e65726174657c693a313538323438393834373b),
('31171755cdbe3899ab2e451a4bd02800777e9b78', '34.82.228.187', 1582500195, 0x5f5f63695f6c6173745f726567656e65726174657c693a313538323530303139353b),
('13a4bb820538cc5ea7c532262d5b42739e50f271', '34.82.228.187', 1582500195, 0x5f5f63695f6c6173745f726567656e65726174657c693a313538323530303139353b),
('547a7a1e71d03289bd723e08a65003e9b8164356', '52.25.189.91', 1582512279, 0x5f5f63695f6c6173745f726567656e65726174657c693a313538323531323237393b),
('615313ce2c107c8084ffe41e161cfe9ffa03d503', '139.162.100.114', 1582528529, 0x5f5f63695f6c6173745f726567656e65726174657c693a313538323532383532393b),
('b17c11242eae95ef0e5c87ec6047893e6a616cfc', '66.249.69.129', 1582535578, 0x5f5f63695f6c6173745f726567656e65726174657c693a313538323533353537383b),
('fe0568be445f5cec64d86d16c0a83915e795c0b1', '66.249.69.158', 1582536298, 0x5f5f63695f6c6173745f726567656e65726174657c693a313538323533363239363b),
('619abcbba04be6d9a56ffe6fec07182ff86e3ca9', '77.75.76.167', 1582548749, 0x5f5f63695f6c6173745f726567656e65726174657c693a313538323534383734393b),
('a3e975ec21fc99546fec35916fbe75d9854ef113', '5.196.87.147', 1582570829, 0x5f5f63695f6c6173745f726567656e65726174657c693a313538323537303832393b),
('b095793713d4a77a0ba8fa4a15aa282ac5868be7', '46.101.9.216', 1582581630, 0x5f5f63695f6c6173745f726567656e65726174657c693a313538323538313633303b),
('d8e88c2257bdee0b47f6bcf77a93aa52e4275e6b', '51.158.190.214', 1582590536, 0x5f5f63695f6c6173745f726567656e65726174657c693a313538323539303533363b),
('3393a6fd8c59a4e7bdada7fd03b45eafc22cb954', '5.196.87.147', 1582590914, 0x5f5f63695f6c6173745f726567656e65726174657c693a313538323539303931343b),
('e930a4d32803044ddf0daba82904d415539b76cb', '52.25.189.91', 1582598940, 0x5f5f63695f6c6173745f726567656e65726174657c693a313538323539383934303b),
('5b798ab9cad63931ee648679c152536af737b4f2', '151.80.39.241', 1582606169, 0x5f5f63695f6c6173745f726567656e65726174657c693a313538323630363136393b),
('b2bae32fd3b9ef378107174b8694a23202e66dce', '35.233.215.107', 1582609781, 0x5f5f63695f6c6173745f726567656e65726174657c693a313538323630393738313b),
('fb11b2098d3d24187c96b310fe7f06804e98d2f7', '35.233.215.107', 1582609781, 0x5f5f63695f6c6173745f726567656e65726174657c693a313538323630393738313b),
('3f9dbe75e6ad5bd5f87cc0a4b1d8c2ae8be781fe', '151.80.39.241', 1582619888, 0x5f5f63695f6c6173745f726567656e65726174657c693a313538323631393838383b),
('34a93d49a60130e0a649562f7cd78ee8166e2a67', '5.196.87.147', 1582639884, 0x5f5f63695f6c6173745f726567656e65726174657c693a313538323633393838343b),
('f08117b25b88a9e6d67bf2e7367dcd9a08ab33ff', '5.196.87.147', 1582657431, 0x5f5f63695f6c6173745f726567656e65726174657c693a313538323635373433313b),
('4040027903185e22a858be73528a739c550d2ffd', '66.220.149.11', 1582674004, 0x5f5f63695f6c6173745f726567656e65726174657c693a313538323637343030343b),
('0f5bf610fb9db9e136d75e8aa3213fb494bf44a9', '66.220.149.2', 1582674008, 0x5f5f63695f6c6173745f726567656e65726174657c693a313538323637343030383b),
('b2a70c4c500357d92fdac2c584d4eb9a428193da', '54.200.111.175', 1582674114, 0x5f5f63695f6c6173745f726567656e65726174657c693a313538323637343131343b),
('08493a7db503ff61285d7f79dc0318b55838f4e7', '52.25.189.91', 1582685579, 0x5f5f63695f6c6173745f726567656e65726174657c693a313538323638353537393b),
('fbaf6b006d8ff12371a79d9fb56619dec3a80594', '209.17.97.34', 1582695445, 0x5f5f63695f6c6173745f726567656e65726174657c693a313538323639353434353b),
('e741001772b7d5c42ccd91fa744055da9d2aea99', '5.196.87.147', 1582709106, 0x5f5f63695f6c6173745f726567656e65726174657c693a313538323730393130363b),
('3587ac8955c470d52d3f53988211a9330bb0a4d8', '134.209.33.122', 1582709807, 0x5f5f63695f6c6173745f726567656e65726174657c693a313538323730393830363b),
('388a1e0c3a6402fee7b59da1170926be69aa0ebb', '35.185.242.234', 1582717643, 0x5f5f63695f6c6173745f726567656e65726174657c693a313538323731373634333b),
('2c6f1741f9043abc11767c967a99b079f90fa4ad', '35.185.242.234', 1582717643, 0x5f5f63695f6c6173745f726567656e65726174657c693a313538323731373634333b),
('5d6c5ea0d2a21c4dab584981f3df681878a9a5e2', '151.80.39.241', 1582723869, 0x5f5f63695f6c6173745f726567656e65726174657c693a313538323732333836393b),
('3139671fbec041df0105c8a234d84ebb590542a6', '151.80.39.241', 1582749535, 0x5f5f63695f6c6173745f726567656e65726174657c693a313538323734393533353b),
('8841d5bad36cdd850f64aecc75e1be4a42b091e3', '104.36.19.231', 1582753286, 0x5f5f63695f6c6173745f726567656e65726174657c693a313538323735333238363b),
('0475708f509a6af932144cc128e312b6a6c47583', '77.75.79.101', 1582767066, 0x5f5f63695f6c6173745f726567656e65726174657c693a313538323736373036363b),
('952a8f746b8795cd60b8f18b8586daa31f40a77b', '52.25.189.91', 1582772220, 0x5f5f63695f6c6173745f726567656e65726174657c693a313538323737323232303b),
('d76428dbceb5777f607435f020aeb24c981500e4', '172.104.80.15', 1582773728, 0x5f5f63695f6c6173745f726567656e65726174657c693a313538323737333732383b),
('65724d3ae112c5104a28b5ed045681a9a716c0a9', '5.196.87.147', 1582780647, 0x5f5f63695f6c6173745f726567656e65726174657c693a313538323738303634373b),
('29f3c4ee0d51872c36cde0959b64e16802821dbb', '66.249.73.4', 1582787434, 0x5f5f63695f6c6173745f726567656e65726174657c693a313538323738373433343b),
('c00243ca0c99a1a2b6fb58d5f7570c22d9f179af', '66.249.73.222', 1582787438, 0x5f5f63695f6c6173745f726567656e65726174657c693a313538323738373433383b),
('f88568c70afc88c47271bab64949a0d479a946bf', '151.80.39.241', 1582795044, 0x5f5f63695f6c6173745f726567656e65726174657c693a313538323739353034343b),
('f249e61aab22c88f0e89dbc87614354b296ebe52', '5.196.87.147', 1582815210, 0x5f5f63695f6c6173745f726567656e65726174657c693a313538323831353231303b),
('82e946a847c4032e9a641a803f66640b5b32236a', '34.83.105.203', 1582827182, 0x5f5f63695f6c6173745f726567656e65726174657c693a313538323832373138323b),
('44fb79df86a45bd52da8bdc453a5785cf3054e30', '34.83.105.203', 1582827183, 0x5f5f63695f6c6173745f726567656e65726174657c693a313538323832373138333b),
('b474ec213df54d1d0a8d74fe8a4708e67c875473', '151.80.39.241', 1582848287, 0x5f5f63695f6c6173745f726567656e65726174657c693a313538323834383238373b),
('585a702288da8dba26466cd4d3aeb7a2f6207824', '158.69.117.141', 1582850029, 0x5f5f63695f6c6173745f726567656e65726174657c693a313538323835303032373b),
('21b95a41e55869c3155d4978e64096cb11c1c071', '158.69.117.141', 1582850031, 0x5f5f63695f6c6173745f726567656e65726174657c693a313538323835303033313b),
('c1df0a74b180776a07d852fca81815a664c85263', '51.91.218.19', 1582850042, 0x5f5f63695f6c6173745f726567656e65726174657c693a313538323835303034323b),
('7852381c267fb04f023e454e11c423bef7449fd2', '51.91.218.19', 1582850042, 0x5f5f63695f6c6173745f726567656e65726174657c693a313538323835303034323b),
('dca02d40463861af3136e2e1b52249847fcd3323', '52.25.189.91', 1582858887, 0x5f5f63695f6c6173745f726567656e65726174657c693a313538323835383838373b),
('ab0da42da53c1030d8e55c224b088cbefcf2a0c3', '144.168.162.250', 1582862906, 0x5f5f63695f6c6173745f726567656e65726174657c693a313538323836323930363b),
('9fddce11fd5307688623b4ed31b8e1790c00ab51', '144.168.162.250', 1582862907, 0x5f5f63695f6c6173745f726567656e65726174657c693a313538323836323930373b),
('649668132070eca3bd3824c4d2ee1dfeff6e6d28', '209.17.96.170', 1582885913, 0x5f5f63695f6c6173745f726567656e65726174657c693a313538323838353931333b),
('9a8058b43b62587bf9f25524dec4c56716559bce', '5.196.87.147', 1582905690, 0x5f5f63695f6c6173745f726567656e65726174657c693a313538323930353639303b),
('037dcd0450672137596c4c80434b71fbc41fea66', '5.196.87.147', 1582923242, 0x5f5f63695f6c6173745f726567656e65726174657c693a313538323932333234323b),
('25399e9cad360e4c64705678a81ef7779f41d34c', '34.82.192.151', 1582936531, 0x5f5f63695f6c6173745f726567656e65726174657c693a313538323933363533313b),
('5021c88f457263053b251ef0882af881f57e4ff0', '34.82.192.151', 1582936531, 0x5f5f63695f6c6173745f726567656e65726174657c693a313538323933363533313b),
('92be6fe339e3d28f700a403368785286a806a2d3', '52.25.189.91', 1582945475, 0x5f5f63695f6c6173745f726567656e65726174657c693a313538323934353437353b),
('08a33b39ae1440f3e1f7fe82acbe325f5c178718', '78.85.255.76', 1582946489, 0x5f5f63695f6c6173745f726567656e65726174657c693a313538323934363438393b),
('dd92db25d823ed04bd6c3a8f03a8171090261a89', '151.80.39.241', 1582949714, 0x5f5f63695f6c6173745f726567656e65726174657c693a313538323934393731343b),
('0649a11b11f2794dabad7345284820ace4ea4d1a', '151.80.39.241', 1582965857, 0x5f5f63695f6c6173745f726567656e65726174657c693a313538323936353835373b),
('aece844f960c6e6c4142b0db5781308d5ff0fc1e', '34.245.134.194', 1582977575, 0x5f5f63695f6c6173745f726567656e65726174657c693a313538323937373537353b),
('cb2fc0444ac657c9f80f0e8d222550141d81fe8b', '151.80.39.241', 1582980434, 0x5f5f63695f6c6173745f726567656e65726174657c693a313538323938303433343b),
('63cbd3bf05068e7934e596d7f8f416b495b2374d', '13.59.156.82', 1582982919, 0x5f5f63695f6c6173745f726567656e65726174657c693a313538323938323931393b),
('1459f3673a8620feef2e1fdd6c724839da67dc89', '13.59.156.82', 1582982920, 0x5f5f63695f6c6173745f726567656e65726174657c693a313538323938323932303b),
('3158ccd117296d47486575a60594465ff26a104e', '13.59.156.82', 1582982920, 0x5f5f63695f6c6173745f726567656e65726174657c693a313538323938323932303b),
('7e2f07eb2540a5f3b23959f54e00a4ed0b7217ab', '13.59.156.82', 1582982921, 0x5f5f63695f6c6173745f726567656e65726174657c693a313538323938323932313b),
('77b65498df97b8e84e1138ddea62e6bc0366b430', '151.80.39.241', 1582995189, 0x5f5f63695f6c6173745f726567656e65726174657c693a313538323939353138393b),
('1839c312b6613e53eacdddc333fda8e9f1d76c66', '163.172.70.215', 1583007059, 0x5f5f63695f6c6173745f726567656e65726174657c693a313538333030373035393b),
('da2d9fdcb43f9140e83bbc0ddaf32f58d3edb4ae', '5.196.87.147', 1583011694, 0x5f5f63695f6c6173745f726567656e65726174657c693a313538333031313639343b),
('a610dbcb2ae66431965ac324a700fb67b635b9a6', '137.226.113.28', 1583023728, 0x5f5f63695f6c6173745f726567656e65726174657c693a313538333032333732383b),
('d6c9afc2001ecbee371c9beef681540e7b902441', '137.226.113.28', 1583027242, 0x5f5f63695f6c6173745f726567656e65726174657c693a313538333032373234323b),
('cbacb4f9fba8949137830dba9c27c7f46b2680e2', '66.249.79.64', 1583028774, 0x5f5f63695f6c6173745f726567656e65726174657c693a313538333032383737343b),
('0648098e06f5872225312bbc7f2dbfc79daceada', '66.249.79.95', 1583030572, 0x5f5f63695f6c6173745f726567656e65726174657c693a313538333033303537323b),
('5bea0de074bbb0e43ec9a6e615d782f7ad2853c3', '18.206.208.77', 1583030829, 0x5f5f63695f6c6173745f726567656e65726174657c693a313538333033303832393b),
('7dcc3ab4693ef9abc7766624227a7747eb285dc8', '52.25.189.91', 1583032159, 0x5f5f63695f6c6173745f726567656e65726174657c693a313538333033323135393b),
('e2d382c0c622daf99b9afbe6c67b263eeb0f93e9', '151.80.39.241', 1583033298, 0x5f5f63695f6c6173745f726567656e65726174657c693a313538333033333239383b),
('2a721d385ee0307f0d8ab732c35f4d02c6e03fce', '34.82.192.151', 1583043087, 0x5f5f63695f6c6173745f726567656e65726174657c693a313538333034333038373b),
('dc7d3f31c1b3d507d64de615506986f37e7ed44f', '34.82.192.151', 1583043088, 0x5f5f63695f6c6173745f726567656e65726174657c693a313538333034333038383b),
('558a79d0404d1628ac20986fc7fdcb317b176c1f', '137.226.113.34', 1583062358, 0x5f5f63695f6c6173745f726567656e65726174657c693a313538333036323335383b),
('92918ed0910b5a432ce216477d267d1c52da32a9', '151.80.39.241', 1583085205, 0x5f5f63695f6c6173745f726567656e65726174657c693a313538333038353230353b),
('b28e486d8cfd3951b511c896fd3cf6989c0e8b6c', '137.226.113.27', 1583085776, 0x5f5f63695f6c6173745f726567656e65726174657c693a313538333038353737363b),
('4d7a04db0148eed7ac1ab9596050b4c98829b631', '167.71.169.149', 1583103387, 0x5f5f63695f6c6173745f726567656e65726174657c693a313538333130333338373b),
('8f801440d087637c9026b72f74ad45da0bbce2d5', '167.71.169.149', 1583103390, 0x5f5f63695f6c6173745f726567656e65726174657c693a313538333130333339303b),
('9bf42909a574601bf30839535143422836818128', '199.244.88.131', 1583105141, 0x5f5f63695f6c6173745f726567656e65726174657c693a313538333130353134313b),
('70e94980e82d5b0fb6ebd3d68b07878f581b6194', '95.108.213.4', 1583116018, 0x5f5f63695f6c6173745f726567656e65726174657c693a313538333131363031383b),
('1fda0af4ce58725d31a41c183d516eb27fe937af', '5.45.207.75', 1583116021, 0x5f5f63695f6c6173745f726567656e65726174657c693a313538333131363032313b),
('4d213d8581f2d7f3c2c52459bbd079c3402fec54', '5.196.87.147', 1583116198, 0x5f5f63695f6c6173745f726567656e65726174657c693a313538333131363139383b),
('f3a3e512c688f844d1aa83c2c8a06675e8a87c90', '52.25.189.91', 1583118823, 0x5f5f63695f6c6173745f726567656e65726174657c693a313538333131383832333b),
('bf7468f96af982a2d22f427335e0b9dfd7ee1de2', '199.244.88.131', 1583119335, 0x5f5f63695f6c6173745f726567656e65726174657c693a313538333131393333353b),
('106929a78106eaf61b162921a9954763b74fb6b4', '151.80.39.241', 1583144587, 0x5f5f63695f6c6173745f726567656e65726174657c693a313538333134343538373b),
('559eadb8e637b4e7cb905a6153544409e17df67c', '34.82.192.151', 1583150876, 0x5f5f63695f6c6173745f726567656e65726174657c693a313538333135303837363b),
('b691be65c6eb69cfb201390e71f01bbfae3f23c6', '34.82.192.151', 1583150877, 0x5f5f63695f6c6173745f726567656e65726174657c693a313538333135303837373b),
('4c2327b381cfc4dc45a01e0c7f9659a980168137', '151.80.39.241', 1583157614, 0x5f5f63695f6c6173745f726567656e65726174657c693a313538333135373631343b),
('7ff01719beb1c4160d9fc62ee173c406b6135abd', '52.25.189.91', 1583205411, 0x5f5f63695f6c6173745f726567656e65726174657c693a313538333230353431313b),
('05fe142ad1bdd3c007efc23bcbd8ef0c06fc774f', '151.80.39.241', 1583209901, 0x5f5f63695f6c6173745f726567656e65726174657c693a313538333230393930313b),
('d39f4152d5f2640bc2b4257244ba8b5f82f74675', '151.80.39.241', 1583219529, 0x5f5f63695f6c6173745f726567656e65726174657c693a313538333231393532393b);

-- --------------------------------------------------------

--
-- Table structure for table `customer`
--

CREATE TABLE `customer` (
  `id` int(11) NOT NULL,
  `name` varchar(255) NOT NULL,
  `email` varchar(255) NOT NULL,
  `phone` varchar(14) NOT NULL,
  `address` varchar(255) NOT NULL,
  `city` varchar(255) NOT NULL,
  `province` varchar(255) NOT NULL,
  `country` varchar(255) NOT NULL,
  `zip` int(7) NOT NULL,
  `users_id` int(11) NOT NULL
) ENGINE=InnoDB DEFAULT CHARSET=latin1;

--
-- Dumping data for table `customer`
--

INSERT INTO `customer` (`id`, `name`, `email`, `phone`, `address`, `city`, `province`, `country`, `zip`, `users_id`) VALUES
(6, 'RVM Specialis Kaca FIlm', 'Info.rvm@gmail.com', '02199998888', 'medan', 'medan', 'sumatra', 'Indonesia', 11850, 0),
(7, 'Maju Jaya Fatmawati', 'info.mjf@gmail.com', '0215486548', 'fatmawati, lebak bulus', 'Jakarta Selatan', 'DKI Jakarta', 'Indonesia', 0, 0),
(8, 'Sonic', 'info.sonic@gmail.com', '0812564867', 'BSD', 'Tangerang Selatan', 'Banten', 'Indonesia', 21548, 0);

-- --------------------------------------------------------

--
-- Table structure for table `groups`
--

CREATE TABLE `groups` (
  `id` mediumint(8) UNSIGNED NOT NULL,
  `name` varchar(20) NOT NULL,
  `description` varchar(100) NOT NULL
) ENGINE=InnoDB DEFAULT CHARSET=utf8;

--
-- Dumping data for table `groups`
--

INSERT INTO `groups` (`id`, `name`, `description`) VALUES
(1, 'admin', 'Administrator'),
(2, 'members', 'General User'),
(3, 'purchase', 'purchase group'),
(4, 'sale', 'sale group'),
(6, 'Admin1', 'Admin1');

-- --------------------------------------------------------

--
-- Table structure for table `login_attempts`
--

CREATE TABLE `login_attempts` (
  `id` int(11) UNSIGNED NOT NULL,
  `ip_address` varchar(15) NOT NULL,
  `login` varchar(100) NOT NULL,
  `time` int(11) UNSIGNED DEFAULT NULL
) ENGINE=InnoDB DEFAULT CHARSET=utf8;

-- --------------------------------------------------------

--
-- Table structure for table `product`
--

CREATE TABLE `product` (
  `id` int(11) NOT NULL,
  `sku` varchar(40) NOT NULL,
  `name` varchar(255) NOT NULL,
  `brand` varchar(255) NOT NULL,
  `description` text NOT NULL,
  `retail_price` bigint(20) NOT NULL,
  `wholesale_price` bigint(20) NOT NULL,
  `buy_price` bigint(20) NOT NULL,
  `stock` int(11) NOT NULL,
  `active` tinyint(1) NOT NULL DEFAULT 0,
  `img` varchar(255) DEFAULT NULL,
  `created_at` timestamp NOT NULL DEFAULT current_timestamp(),
  `category_id` int(11) NOT NULL,
  `supplier_id` int(11) NOT NULL
) ENGINE=InnoDB DEFAULT CHARSET=latin1;

--
-- Dumping data for table `product`
--

INSERT INTO `product` (`id`, `sku`, `name`, `brand`, `description`, `retail_price`, `wholesale_price`, `buy_price`, `stock`, `active`, `img`, `created_at`, `category_id`, `supplier_id`) VALUES
(23, '', 'Spectrum 20', 'Spectrum', '.', 7350000, 0, 0, 10, 1, NULL, '2019-08-06 16:40:47', 6, 1),
(24, '', 'Spectrum 30', 'Spectrum', '.', 7350000, 0, 0, 10, 1, NULL, '2019-08-06 16:42:57', 6, 1),
(25, '', 'Spectrum 40', 'Spectrum', '.', 7350000, 0, 0, 10, 1, NULL, '2019-08-06 16:43:53', 6, 1),
(26, '', 'Spectrum 60', 'Spectrum', '.', 7350000, 0, 0, 10, 1, NULL, '2019-08-06 16:44:39', 6, 1),
(27, '', 'Spectrum 80', 'Spctrum', '.', 7350000, 0, 0, 10, 1, NULL, '2019-08-06 16:45:59', 6, 1),
(28, '', 'Spectrum Neo 20', 'Spectrum', '.', 10000000, 0, 0, 10, 1, NULL, '2019-08-06 16:47:11', 6, 1),
(29, '', 'Spectrum Neo 40', 'Spectrum', '.', 9000000, 0, 0, 10, 1, NULL, '2019-08-06 16:48:07', 6, 1),
(30, '', 'Spetrum Neo 60', 'Spctrum', '.', 9000000, 0, 0, 10, 1, NULL, '2019-08-06 16:49:00', 6, 1),
(31, '', 'Spectrum Neo 80', 'Spctrum', '.', 9000000, 0, 0, 10, 1, NULL, '2019-08-06 16:50:20', 6, 1),
(32, '', 'Iceberg 20', 'Iceberg', '.', 29000000, 0, 0, 10, 1, NULL, '2019-08-06 17:10:02', 6, 1),
(33, '', 'Iceberg 40', 'Iceberg', '.', 23500000, 0, 0, 10, 1, NULL, '2019-08-06 17:10:43', 6, 2);

-- --------------------------------------------------------

--
-- Table structure for table `product_review`
--

CREATE TABLE `product_review` (
  `id` int(11) NOT NULL,
  `author` varchar(255) NOT NULL,
  `email` varchar(255) NOT NULL,
  `content` text NOT NULL,
  `active` tinyint(1) NOT NULL,
  `created_at` datetime NOT NULL DEFAULT current_timestamp(),
  `product_id` int(11) NOT NULL
) ENGINE=InnoDB DEFAULT CHARSET=latin1;

-- --------------------------------------------------------

--
-- Table structure for table `purchase`
--

CREATE TABLE `purchase` (
  `id` int(11) NOT NULL,
  `order_no` varchar(20) NOT NULL,
  `accepted` tinyint(1) NOT NULL DEFAULT 0,
  `shipped` tinyint(1) NOT NULL DEFAULT 0,
  `paid` tinyint(1) NOT NULL DEFAULT 0,
  `recived` tinyint(1) NOT NULL DEFAULT 0,
  `order_date` datetime DEFAULT current_timestamp(),
  `accepted_date` datetime DEFAULT NULL,
  `shipped_date` datetime DEFAULT NULL,
  `paid_date` datetime DEFAULT NULL,
  `recived_date` datetime DEFAULT NULL,
  `notes` text DEFAULT NULL,
  `payment_method` int(11) DEFAULT NULL,
  `supplier_id` int(11) NOT NULL
) ENGINE=InnoDB DEFAULT CHARSET=latin1;

--
-- Dumping data for table `purchase`
--

INSERT INTO `purchase` (`id`, `order_no`, `accepted`, `shipped`, `paid`, `recived`, `order_date`, `accepted_date`, `shipped_date`, `paid_date`, `recived_date`, `notes`, `payment_method`, `supplier_id`) VALUES
(9, 'PO-000001', 1, 1, 1, 1, '2019-07-25 02:57:56', '2019-07-25 00:00:00', '2019-07-25 00:00:00', '2019-07-26 00:00:00', '2019-07-26 00:00:00', '', NULL, 4);

-- --------------------------------------------------------

--
-- Table structure for table `purchase_detail`
--

CREATE TABLE `purchase_detail` (
  `id` int(11) NOT NULL,
  `product_qty` int(11) NOT NULL,
  `product_price` bigint(20) NOT NULL,
  `product_id` int(11) NOT NULL,
  `purchase_id` int(11) NOT NULL
) ENGINE=InnoDB DEFAULT CHARSET=latin1;

-- --------------------------------------------------------

--
-- Table structure for table `sale`
--

CREATE TABLE `sale` (
  `id` int(11) NOT NULL,
  `order_no` varchar(20) NOT NULL,
  `accepted` tinyint(1) NOT NULL DEFAULT 0,
  `shipped` tinyint(1) NOT NULL DEFAULT 0,
  `paid` tinyint(1) NOT NULL DEFAULT 0,
  `recived` tinyint(1) NOT NULL DEFAULT 0,
  `order_date` datetime DEFAULT current_timestamp(),
  `accepted_date` datetime DEFAULT NULL,
  `shipped_date` datetime DEFAULT NULL,
  `paid_date` datetime DEFAULT NULL,
  `recived_date` datetime DEFAULT NULL,
  `notes` text DEFAULT NULL,
  `payment_method` int(11) DEFAULT NULL,
  `customer_id` int(11) NOT NULL
) ENGINE=InnoDB DEFAULT CHARSET=latin1;

--
-- Dumping data for table `sale`
--

INSERT INTO `sale` (`id`, `order_no`, `accepted`, `shipped`, `paid`, `recived`, `order_date`, `accepted_date`, `shipped_date`, `paid_date`, `recived_date`, `notes`, `payment_method`, `customer_id`) VALUES
(68, 'SO-0000001', 1, 1, 1, 1, '2019-08-03 14:04:37', '2019-08-02 00:00:00', '2019-08-04 00:00:00', '2019-08-03 00:00:00', '2019-08-04 00:00:00', 'spanduk 2', NULL, 7),
(70, 'SO-0000069', 0, 0, 0, 0, '2019-08-07 00:15:10', NULL, NULL, NULL, NULL, 'Spanduk 1\r\nCatalog iceberg 5\r\nsample ice 2 &amp;amp; spc 6', NULL, 6),
(71, 'SO-0000071', 0, 0, 0, 0, '2019-08-20 18:31:28', NULL, NULL, NULL, NULL, 'Pembayaran nota 001', NULL, 8),
(72, 'SO-0000072', 0, 0, 0, 0, '2019-08-20 18:35:18', NULL, NULL, NULL, NULL, '', NULL, 7),
(73, 'SO-0000073', 1, 0, 0, 0, '2020-02-14 15:34:10', '2020-02-14 00:00:00', NULL, NULL, NULL, 'kirim sekarang', NULL, 8);

-- --------------------------------------------------------

--
-- Table structure for table `sale_detail`
--

CREATE TABLE `sale_detail` (
  `id` int(11) NOT NULL,
  `product_qty` int(11) NOT NULL,
  `product_price` bigint(20) NOT NULL,
  `diskon_price` bigint(10) NOT NULL,
  `product_id` int(11) NOT NULL,
  `sale_id` int(11) NOT NULL
) ENGINE=InnoDB DEFAULT CHARSET=latin1;

--
-- Dumping data for table `sale_detail`
--

INSERT INTO `sale_detail` (`id`, `product_qty`, `product_price`, `diskon_price`, `product_id`, `sale_id`) VALUES
(67, 1, 7350000, 0, 23, 70),
(68, 1, 7350000, 10, 27, 71),
(69, 1, 29000000, 10, 32, 72),
(70, 1, 29000000, 75, 32, 73);

-- --------------------------------------------------------

--
-- Table structure for table `sale_payment_conf`
--

CREATE TABLE `sale_payment_conf` (
  `id` int(11) NOT NULL,
  `merchant_bank` varchar(255) NOT NULL,
  `customer_bank` varchar(255) NOT NULL,
  `customer_bank_account` varchar(255) NOT NULL,
  `total_amount` bigint(20) NOT NULL,
  `payment_date` datetime NOT NULL,
  `sale_id` int(11) NOT NULL,
  `img` varchar(225) DEFAULT NULL,
  `inv_no` varchar(20) NOT NULL,
  `p_time` time DEFAULT current_timestamp(),
  `bkm_no` varchar(12) NOT NULL
) ENGINE=InnoDB DEFAULT CHARSET=latin1;

--
-- Dumping data for table `sale_payment_conf`
--

INSERT INTO `sale_payment_conf` (`id`, `merchant_bank`, `customer_bank`, `customer_bank_account`, `total_amount`, `payment_date`, `sale_id`, `img`, `inv_no`, `p_time`, `bkm_no`) VALUES
(43, 'BCA', 'Agni Sentral Motor', 'Maju jaya Fatmawati', 1000000, '2019-08-03 00:00:00', 68, NULL, 'inv', '14:42:58', 'BKM-0000001');

-- --------------------------------------------------------

--
-- Table structure for table `supplier`
--

CREATE TABLE `supplier` (
  `id` int(11) NOT NULL,
  `name` varchar(255) NOT NULL,
  `email` varchar(255) NOT NULL,
  `description` text NOT NULL,
  `created_at` timestamp NOT NULL DEFAULT current_timestamp()
) ENGINE=InnoDB DEFAULT CHARSET=latin1;

--
-- Dumping data for table `supplier`
--

INSERT INTO `supplier` (`id`, `name`, `email`, `description`, `created_at`) VALUES
(1, 'Supplier 1', 'supplier1@email.com', 'Lorem ipsum dolor sit amet', '2016-12-21 01:39:26'),
(2, 'Supplier 2', 'supplier2@email.com', 'Lorem ipsum dolor sit amet', '2016-12-21 01:39:26'),
(4, 'Supplier 3', 'supplier3@email.com', 'Lorem ipsum dolor sit amet', '2016-12-21 07:26:17');

-- --------------------------------------------------------

--
-- Table structure for table `users`
--

CREATE TABLE `users` (
  `id` int(11) UNSIGNED NOT NULL,
  `ip_address` varchar(45) NOT NULL,
  `username` varchar(100) DEFAULT NULL,
  `password` varchar(255) NOT NULL,
  `salt` varchar(255) DEFAULT NULL,
  `email` varchar(100) NOT NULL,
  `activation_code` varchar(40) DEFAULT NULL,
  `forgotten_password_code` varchar(40) DEFAULT NULL,
  `forgotten_password_time` int(11) UNSIGNED DEFAULT NULL,
  `remember_code` varchar(40) DEFAULT NULL,
  `created_on` int(11) UNSIGNED NOT NULL,
  `last_login` int(11) UNSIGNED DEFAULT NULL,
  `active` tinyint(1) UNSIGNED DEFAULT NULL,
  `first_name` varchar(50) DEFAULT NULL,
  `last_name` varchar(50) DEFAULT NULL,
  `company` varchar(100) DEFAULT NULL,
  `phone` varchar(20) DEFAULT NULL
) ENGINE=InnoDB DEFAULT CHARSET=utf8;

--
-- Dumping data for table `users`
--

INSERT INTO `users` (`id`, `ip_address`, `username`, `password`, `salt`, `email`, `activation_code`, `forgotten_password_code`, `forgotten_password_time`, `remember_code`, `created_on`, `last_login`, `active`, `first_name`, `last_name`, `company`, `phone`) VALUES
(1, '127.0.0.1', 'Admin', '$2a$07$SeBknntpZror9uyftVopmu61qg0ms8Qv1yV6FG.kQOSM.9QhmTo36', '', 'admin@admin.com', '', NULL, NULL, 'm0HduSlJpiCZ.5xqMI641O', 1268889823, 1580276016, 1, 'Super', 'Admin', 'ASM', '087878787878'),
(2, '127.0.0.1', 'purchase', '$2a$07$SeBknntpZror9uyftVopmu61qg0ms8Qv1yV6FG.kQOSM.9QhmTo36', '', 'purchase@email.com', '', NULL, NULL, NULL, 1268889823, 1563598691, 0, 'Purchase', 'Employee', 'ASM', '0'),
(3, '127.0.0.1', 'sales', '$2a$07$SeBknntpZror9uyftVopmu61qg0ms8Qv1yV6FG.kQOSM.9QhmTo36', '', 'sales@email.com', '', NULL, NULL, NULL, 1268889823, 1566300842, 1, 'Sales', 'Employee', 'ASM', '0'),
(10, '114.124.141.224', 'Yadi', '$2y$08$moVu/cq.K6vy9Uu5kYK6muP1LaolFIWPRoJnidWorCcP0RHmYOm0u', NULL, 'asm.supri@gmaip.com', NULL, NULL, NULL, NULL, 1564798578, 1581669043, 1, 'Dede', 'Supriyadi', 'Agni Sentral Motor', '081293421116'),
(11, '114.124.245.148', 'Ira', '$2y$08$huopFQdd8/2DCcds.ddcaeWE2V0quf6I1QzW4IXwl0/XsNGUye.Jq', NULL, 'info.ira@gmail.com', NULL, NULL, NULL, NULL, 1564971944, 1564972112, 1, 'Ira', 'Rahmawati', 'Agni sentral motor', '0218374738');

-- --------------------------------------------------------

--
-- Table structure for table `users_groups`
--

CREATE TABLE `users_groups` (
  `id` int(11) UNSIGNED NOT NULL,
  `user_id` int(11) UNSIGNED NOT NULL,
  `group_id` mediumint(8) UNSIGNED NOT NULL
) ENGINE=InnoDB DEFAULT CHARSET=utf8;

--
-- Dumping data for table `users_groups`
--

INSERT INTO `users_groups` (`id`, `user_id`, `group_id`) VALUES
(1, 1, 1),
(2, 1, 2),
(4, 3, 4),
(27, 10, 1),
(30, 11, 2);

--
-- Indexes for dumped tables
--

--
-- Indexes for table `category`
--
ALTER TABLE `category`
  ADD PRIMARY KEY (`id`);

--
-- Indexes for table `ci_sessions`
--
ALTER TABLE `ci_sessions`
  ADD KEY `ci_sessions_timestamp` (`timestamp`);

--
-- Indexes for table `customer`
--
ALTER TABLE `customer`
  ADD PRIMARY KEY (`id`),
  ADD UNIQUE KEY `email` (`email`);

--
-- Indexes for table `groups`
--
ALTER TABLE `groups`
  ADD PRIMARY KEY (`id`);

--
-- Indexes for table `login_attempts`
--
ALTER TABLE `login_attempts`
  ADD PRIMARY KEY (`id`);

--
-- Indexes for table `product`
--
ALTER TABLE `product`
  ADD PRIMARY KEY (`id`),
  ADD KEY `category_id` (`category_id`),
  ADD KEY `supplier_id` (`supplier_id`);

--
-- Indexes for table `product_review`
--
ALTER TABLE `product_review`
  ADD PRIMARY KEY (`id`),
  ADD KEY `product_id` (`product_id`);

--
-- Indexes for table `purchase`
--
ALTER TABLE `purchase`
  ADD PRIMARY KEY (`id`),
  ADD UNIQUE KEY `order_no` (`order_no`),
  ADD KEY `supplier_id` (`supplier_id`);

--
-- Indexes for table `purchase_detail`
--
ALTER TABLE `purchase_detail`
  ADD PRIMARY KEY (`id`),
  ADD KEY `product_id` (`product_id`),
  ADD KEY `purchase_id` (`purchase_id`);

--
-- Indexes for table `sale`
--
ALTER TABLE `sale`
  ADD PRIMARY KEY (`id`),
  ADD UNIQUE KEY `order_no` (`order_no`),
  ADD KEY `customer_id` (`customer_id`);

--
-- Indexes for table `sale_detail`
--
ALTER TABLE `sale_detail`
  ADD PRIMARY KEY (`id`),
  ADD KEY `product_id` (`product_id`),
  ADD KEY `sale_id` (`sale_id`);

--
-- Indexes for table `sale_payment_conf`
--
ALTER TABLE `sale_payment_conf`
  ADD PRIMARY KEY (`id`),
  ADD KEY `sale_id` (`sale_id`);

--
-- Indexes for table `supplier`
--
ALTER TABLE `supplier`
  ADD PRIMARY KEY (`id`),
  ADD UNIQUE KEY `email` (`email`);

--
-- Indexes for table `users`
--
ALTER TABLE `users`
  ADD PRIMARY KEY (`id`);

--
-- Indexes for table `users_groups`
--
ALTER TABLE `users_groups`
  ADD PRIMARY KEY (`id`),
  ADD UNIQUE KEY `uc_users_groups` (`user_id`,`group_id`),
  ADD KEY `fk_users_groups_users1_idx` (`user_id`),
  ADD KEY `fk_users_groups_groups1_idx` (`group_id`);

--
-- AUTO_INCREMENT for dumped tables
--

--
-- AUTO_INCREMENT for table `category`
--
ALTER TABLE `category`
  MODIFY `id` int(11) NOT NULL AUTO_INCREMENT, AUTO_INCREMENT=7;

--
-- AUTO_INCREMENT for table `customer`
--
ALTER TABLE `customer`
  MODIFY `id` int(11) NOT NULL AUTO_INCREMENT, AUTO_INCREMENT=9;

--
-- AUTO_INCREMENT for table `groups`
--
ALTER TABLE `groups`
  MODIFY `id` mediumint(8) UNSIGNED NOT NULL AUTO_INCREMENT, AUTO_INCREMENT=7;

--
-- AUTO_INCREMENT for table `login_attempts`
--
ALTER TABLE `login_attempts`
  MODIFY `id` int(11) UNSIGNED NOT NULL AUTO_INCREMENT;

--
-- AUTO_INCREMENT for table `product`
--
ALTER TABLE `product`
  MODIFY `id` int(11) NOT NULL AUTO_INCREMENT, AUTO_INCREMENT=35;

--
-- AUTO_INCREMENT for table `product_review`
--
ALTER TABLE `product_review`
  MODIFY `id` int(11) NOT NULL AUTO_INCREMENT, AUTO_INCREMENT=5;

--
-- AUTO_INCREMENT for table `purchase`
--
ALTER TABLE `purchase`
  MODIFY `id` int(11) NOT NULL AUTO_INCREMENT, AUTO_INCREMENT=10;

--
-- AUTO_INCREMENT for table `purchase_detail`
--
ALTER TABLE `purchase_detail`
  MODIFY `id` int(11) NOT NULL AUTO_INCREMENT, AUTO_INCREMENT=13;

--
-- AUTO_INCREMENT for table `sale`
--
ALTER TABLE `sale`
  MODIFY `id` int(11) NOT NULL AUTO_INCREMENT, AUTO_INCREMENT=74;

--
-- AUTO_INCREMENT for table `sale_detail`
--
ALTER TABLE `sale_detail`
  MODIFY `id` int(11) NOT NULL AUTO_INCREMENT, AUTO_INCREMENT=71;

--
-- AUTO_INCREMENT for table `sale_payment_conf`
--
ALTER TABLE `sale_payment_conf`
  MODIFY `id` int(11) NOT NULL AUTO_INCREMENT, AUTO_INCREMENT=45;

--
-- AUTO_INCREMENT for table `supplier`
--
ALTER TABLE `supplier`
  MODIFY `id` int(11) NOT NULL AUTO_INCREMENT, AUTO_INCREMENT=5;

--
-- AUTO_INCREMENT for table `users`
--
ALTER TABLE `users`
  MODIFY `id` int(11) UNSIGNED NOT NULL AUTO_INCREMENT, AUTO_INCREMENT=12;

--
-- AUTO_INCREMENT for table `users_groups`
--
ALTER TABLE `users_groups`
  MODIFY `id` int(11) UNSIGNED NOT NULL AUTO_INCREMENT, AUTO_INCREMENT=31;

--
-- Constraints for dumped tables
--

--
-- Constraints for table `product`
--
ALTER TABLE `product`
  ADD CONSTRAINT `fk_product_category1` FOREIGN KEY (`category_id`) REFERENCES `category` (`id`) ON UPDATE NO ACTION,
  ADD CONSTRAINT `fk_product_supplier1` FOREIGN KEY (`supplier_id`) REFERENCES `supplier` (`id`) ON DELETE CASCADE;

--
-- Constraints for table `product_review`
--
ALTER TABLE `product_review`
  ADD CONSTRAINT `product_review_product1` FOREIGN KEY (`product_id`) REFERENCES `product` (`id`) ON DELETE CASCADE;

--
-- Constraints for table `purchase`
--
ALTER TABLE `purchase`
  ADD CONSTRAINT `fk_purchase_supplier1` FOREIGN KEY (`supplier_id`) REFERENCES `supplier` (`id`) ON DELETE CASCADE ON UPDATE NO ACTION;

--
-- Constraints for table `purchase_detail`
--
ALTER TABLE `purchase_detail`
  ADD CONSTRAINT `fk_purchase_detail_product1` FOREIGN KEY (`product_id`) REFERENCES `product` (`id`) ON DELETE CASCADE,
  ADD CONSTRAINT `fk_purchase_detail_purchase1` FOREIGN KEY (`purchase_id`) REFERENCES `purchase` (`id`) ON DELETE CASCADE;

--
-- Constraints for table `sale`
--
ALTER TABLE `sale`
  ADD CONSTRAINT `fk_sale_customer1` FOREIGN KEY (`customer_id`) REFERENCES `customer` (`id`) ON DELETE CASCADE;

--
-- Constraints for table `sale_detail`
--
ALTER TABLE `sale_detail`
  ADD CONSTRAINT `fk_sale_detail_product1` FOREIGN KEY (`product_id`) REFERENCES `product` (`id`) ON DELETE CASCADE,
  ADD CONSTRAINT `fk_sale_detail_sale1` FOREIGN KEY (`sale_id`) REFERENCES `sale` (`id`) ON DELETE CASCADE;

--
-- Constraints for table `sale_payment_conf`
--
ALTER TABLE `sale_payment_conf`
  ADD CONSTRAINT `fk_sale_payment_conf_sale1` FOREIGN KEY (`sale_id`) REFERENCES `sale` (`id`) ON DELETE CASCADE;

--
-- Constraints for table `users_groups`
--
ALTER TABLE `users_groups`
  ADD CONSTRAINT `fk_users_groups_groups1` FOREIGN KEY (`group_id`) REFERENCES `groups` (`id`) ON DELETE CASCADE ON UPDATE NO ACTION,
  ADD CONSTRAINT `fk_users_groups_users1` FOREIGN KEY (`user_id`) REFERENCES `users` (`id`) ON DELETE CASCADE ON UPDATE NO ACTION;
COMMIT;

/*!40101 SET CHARACTER_SET_CLIENT=@OLD_CHARACTER_SET_CLIENT */;
/*!40101 SET CHARACTER_SET_RESULTS=@OLD_CHARACTER_SET_RESULTS */;
/*!40101 SET COLLATION_CONNECTION=@OLD_COLLATION_CONNECTION */;
